{"cameraMode":{"drawMode":0,"name":"Shaded","section":"Shading Mode"},"sceneLighting":false,"audioPlay":false,"sceneViewState":{"m_AlwaysRefresh":false,"showFog":true,"showSkybox":false,"showFlares":true,"showImageEffects":true,"showParticleSystems":true,"showVisualEffectGraphs":true,"m_FxEnabled":true},"in2DMode":false,"pivot":{"x":-0.36727628111839297,"y":-0.05924254655838013,"z":-0.003259420394897461},"rotation":{"x":-0.08998723328113556,"y":0.6461606025695801,"z":-0.07714294642210007,"w":-0.753899335861206},"size":2.002753257751465,"orthographic":false}