{"cameraMode":{"drawMode":0,"name":"Shaded","section":"Shading Mode"},"sceneLighting":false,"audioPlay":false,"sceneViewState":{"m_AlwaysRefresh":false,"showFog":true,"showSkybox":false,"showFlares":true,"showImageEffects":true,"showParticleSystems":true,"showVisualEffectGraphs":true,"m_FxEnabled":true},"in2DMode":false,"pivot":{"x":-0.6286571025848389,"y":0.10911047458648682,"z":-0.0047566890716552738},"rotation":{"x":0.009592861868441105,"y":0.9867494106292725,"z":0.06342267990112305,"w":-0.1488262563943863},"size":1.2438584566116334,"orthographic":false}