{"cameraMode":{"drawMode":0,"name":"Shaded","section":"Shading Mode"},"sceneLighting":false,"audioPlay":false,"sceneViewState":{"m_AlwaysRefresh":false,"showFog":true,"showSkybox":false,"showFlares":true,"showImageEffects":true,"showParticleSystems":true,"showVisualEffectGraphs":true,"m_FxEnabled":true},"in2DMode":false,"pivot":{"x":11.205636024475098,"y":1.0758719444274903,"z":-2.8804688453674318},"rotation":{"x":-0.00009358290844829753,"y":-0.9979875087738037,"z":0.05995162948966026,"w":-0.008167695254087448},"size":1.4425294399261475,"orthographic":false}