{"cameraMode":{"drawMode":0,"name":"Shaded","section":"Shading Mode"},"sceneLighting":false,"audioPlay":false,"sceneViewState":{"m_AlwaysRefresh":false,"showFog":true,"showSkybox":false,"showFlares":true,"showImageEffects":true,"showParticleSystems":true,"showVisualEffectGraphs":true,"m_FxEnabled":true},"in2DMode":false,"pivot":{"x":11.183571815490723,"y":1.2155948877334595,"z":-1.4791234731674195},"rotation":{"x":-0.029624126851558687,"y":-0.9653711318969727,"z":0.22403453290462495,"w":-0.1288871169090271},"size":0.8660253882408142,"orthographic":false}